{
  "test_accuracy": 0.9821362799263351,
  "macro_f1": 0.9765026981359931,
  "weighted_f1": 0.9821535935823172
}